Type,Region,Residence Type,Service Type,Year,Coverage,Population,Service level
m49,Asia,total,Sanitation,2000,28.27744,1057683552.2398,Basic service
m49,Asia,rural,Sanitation,2000,21.59479,504662665.86243,Basic service
m49,Asia,urban,Sanitation,2000,39.40541,553020877.30261,Basic service
m49,Asia,total,Sanitation,2000,5.39998,201979820.02155,Limited service
m49,Asia,rural,Sanitation,2000,3.02453,70682125.24872,Limited service
m49,Asia,urban,Sanitation,2000,9.3556,131297693.16176,Limited service
m49,Asia,total,Sanitation,2000,27.6657,1034801826.64483,Open defecation
m49,Asia,rural,Sanitation,2000,39.97374,934172382.05097,Open defecation
m49,Asia,urban,Sanitation,2000,7.17033,100629433.6314,Open defecation
m49,Asia,total,Sanitation,2000,18.28514,683933396.1836,Safely managed service
m49,Asia,rural,Sanitation,2000,8.88521,207644246.49485,Safely managed service
m49,Asia,urban,Sanitation,2000,33.9379,476289144.38463,Safely managed service
m49,Asia,total,Sanitation,2000,20.37174,761980301.91022,Unimproved
m49,Asia,rural,Sanitation,2000,26.52174,619803939.25103,Unimproved
m49,Asia,urban,Sanitation,2000,10.13076,142176389.05259,Unimproved
m49,Asia,total,Drinking water,2000,23.88095,893237977.40527,Basic service
m49,Asia,rural,Drinking water,2000,30.91486,722469579.10902,Basic service
m49,Asia,urban,Drinking water,2000,12.16807,170768389.23186,Basic service
m49,Asia,total,Drinking water,2000,2.13181,79737789.78176,Limited service
m49,Asia,rural,Drinking water,2000,2.65407,62024675.48484,Limited service
m49,Asia,urban,Drinking water,2000,1.26214,17713113.49858,Limited service
m49,Asia,total,Drinking water,2000,58.14163,2174717220.48561,Safely managed service
m49,Asia,rural,Drinking water,2000,43.00639,1005044450.85465,Safely managed service
m49,Asia,urban,Drinking water,2000,83.34484,1169672751.12966,Safely managed service
m49,Asia,total,Drinking water,2000,2.90597,108694185.51465,Surface water
m49,Asia,rural,Drinking water,2000,4.3697,102118403.25467,Surface water
m49,Asia,urban,Drinking water,2000,0.46856,6575781.08982,Surface water
m49,Asia,total,Drinking water,2000,12.93964,483991723.80897,Unimproved
m49,Asia,rural,Drinking water,2000,19.05498,445308250.20483,Unimproved
m49,Asia,urban,Drinking water,2000,2.75639,38683502.58308,Unimproved
m49,Asia,total,Hygiene,2019,78.08097,3592795306.85954,Basic service
m49,Asia,rural,Hygiene,2019,69.02227,1572234409.61095,Basic service
m49,Asia,total,Hygiene,2019,19.81946,911966982.73395,Limited service
m49,Asia,rural,Hygiene,2019,27.84788,634337254.48052,Limited service
m49,Asia,total,Hygiene,2019,2.09957,96609058.40651,No handwashing facility
m49,Asia,rural,Hygiene,2019,3.12985,71293854.07853,No handwashing facility
m49,Asia,total,Sanitation,2019,26.57222,1222686293.86124,Basic service
m49,Asia,rural,Sanitation,2019,26.05735,593551452.65932,Basic service
m49,Asia,urban,Sanitation,2019,27.07696,629134849.34509,Basic service
m49,Asia,total,Sanitation,2019,7.17361,330084665.15681,Limited service
m49,Asia,rural,Sanitation,2019,6.95071,158327828.59941,Limited service
m49,Asia,urban,Sanitation,2019,7.39214,171756838.76396,Limited service
m49,Asia,total,Sanitation,2019,6.95687,320111556.81132,Open defecation
m49,Asia,rural,Sanitation,2019,13.17184,300036734.27832,Open defecation
m49,Asia,urban,Sanitation,2019,0.86399,20074824.03522,Open defecation
m49,Asia,total,Sanitation,2019,54.34056,2500411134.72816,Safely managed service
m49,Asia,rural,Sanitation,2019,46.28255,1054254322.70197,Safely managed service
m49,Asia,urban,Sanitation,2019,62.24029,1446156829.3675,Safely managed service
m49,Asia,total,Sanitation,2019,4.95673,228077697.43786,Unimproved
m49,Asia,rural,Sanitation,2019,7.53755,171695179.93098,Unimproved
m49,Asia,urban,Sanitation,2019,2.42661,56382478.59591,Unimproved
m49,Asia,total,Drinking water,2019,15.51758,714021659.73874,Basic service
m49,Asia,rural,Drinking water,2019,22.88549,521300663.29034,Basic service
m49,Asia,urban,Drinking water,2019,8.29441,192721000.44005,Basic service
m49,Asia,total,Drinking water,2019,2.5173,115830412.34484,Limited service
m49,Asia,rural,Drinking water,2019,3.8091,86766196.9625,Limited service
m49,Asia,urban,Drinking water,2019,1.25088,29064216.02022,Limited service
m49,Asia,total,Drinking water,2019,76.99123,3542652298.37678,Safely managed service
m49,Asia,rural,Drinking water,2019,65.46028,1491097127.08346,Safely managed service
m49,Asia,urban,Drinking water,2019,88.29568,2051555195.87792,Safely managed service
m49,Asia,total,Drinking water,2019,0.76885,35377807.07282,Surface water
m49,Asia,rural,Drinking water,2019,1.31503,29954501.42439,Surface water
m49,Asia,urban,Drinking water,2019,0.23341,5423305.82964,Surface water
m49,Asia,total,Drinking water,2019,4.20503,193489170.46682,Unimproved
m49,Asia,rural,Drinking water,2019,6.53011,148747029.40704,Unimproved
m49,Asia,urban,Drinking water,2019,1.92563,44742101.94449,Unimproved
m49,Europe,total,Sanitation,2000,29.16417,211424076.28279,Basic service
m49,Europe,rural,Sanitation,2000,43.1298,90462947.35272,Basic service
m49,Europe,urban,Sanitation,2000,23.47854,120961129.01943,Basic service
m49,Europe,total,Sanitation,2000,1.03821,7526422.54997,Limited service
m49,Europe,rural,Sanitation,2000,1.13558,2381834.41932,Limited service
m49,Europe,urban,Sanitation,2000,0.99856,5144588.1232,Limited service
m49,Europe,total,Sanitation,2000,0.02483,179986.25797,Open defecation
m49,Europe,rural,Sanitation,2000,0.06985,146501.11649,Open defecation
m49,Europe,urban,Sanitation,2000,0.0065,33485.14236,Open defecation
m49,Europe,total,Sanitation,2000,64.94009,470779605.34205,Safely managed service
m49,Europe,rural,Sanitation,2000,43.53433,91311413.19279,Safely managed service
m49,Europe,urban,Sanitation,2000,73.65473,379468190.9624,Safely managed service
m49,Europe,total,Sanitation,2000,4.8327,35034390.56522,Unimproved
m49,Europe,rural,Sanitation,2000,12.13044,25443091.40728,Unimproved
m49,Europe,urban,Sanitation,2000,1.86167,9591301.5859,Unimproved
m49,Europe,total,Drinking water,2000,8.80604,63838877.4464,Basic service
m49,Europe,rural,Drinking water,2000,18.73935,39304995.31423,Basic service
m49,Europe,urban,Drinking water,2000,4.76202,24533882.30966,Basic service
m49,Europe,total,Drinking water,2000,0.37194,2696360.03371,Limited service
m49,Europe,rural,Drinking water,2000,0.7036,1475766.47936,Limited service
m49,Europe,urban,Drinking water,2000,0.23692,1220593.55923,Limited service
m49,Europe,total,Drinking water,2000,89.39006,648028340.91637,Safely managed service
m49,Europe,rural,Drinking water,2000,76.57435,160611470.99565,Safely managed service
m49,Europe,urban,Drinking water,2000,94.60755,487416868.7267,Safely managed service
m49,Europe,total,Drinking water,2000,0.19479,1412101.45203,Surface water
m49,Europe,rural,Drinking water,2000,0.55724,1168778.39811,Surface water
m49,Europe,urban,Drinking water,2000,0.04723,243323.06175,Surface water
m49,Europe,total,Drinking water,2000,1.23717,8968801.15022,Unimproved
m49,Europe,rural,Drinking water,2000,3.42547,7184776.30146,Unimproved
m49,Europe,urban,Drinking water,2000,0.34628,1784027.17596,Unimproved
m49,Europe,total,Sanitation,2019,23.68948,177003691.99888,Basic service
m49,Europe,rural,Sanitation,2019,42.59168,80612945.74805,Basic service
m49,Europe,urban,Sanitation,2019,17.277,96390748.15165,Basic service
m49,Europe,total,Sanitation,2019,0.88709,6628160.99435,Limited service
m49,Europe,rural,Sanitation,2019,0.95271,1803178.25549,Limited service
m49,Europe,urban,Sanitation,2019,0.86483,4824982.81862,Limited service
m49,Europe,total,Sanitation,2019,0.0016,11968.4897,Open defecation
m49,Europe,rural,Sanitation,2019,0.00632,11968.48969,Open defecation
m49,Europe,urban,Sanitation,2019,0,0,Open defecation
m49,Europe,total,Sanitation,2019,72.78833,543861933.42544,Safely managed service
m49,Europe,rural,Sanitation,2019,49.21833,93155155.53051,Safely managed service
m49,Europe,urban,Sanitation,2019,80.78434,450706784.85454,Safely managed service
m49,Europe,total,Sanitation,2019,2.6335,19677078.89162,Unimproved
m49,Europe,rural,Sanitation,2019,7.23097,13686002.43055,Unimproved
m49,Europe,urban,Sanitation,2019,1.07383,5991070.80113,Unimproved
m49,Europe,total,Drinking water,2019,5.27436,39409110.54548,Basic service
m49,Europe,rural,Drinking water,2019,9.69238,18344701.2997,Basic service
m49,Europe,urban,Drinking water,2019,3.77557,21064409.66569,Basic service
m49,Europe,total,Drinking water,2019,0.5965,4456979.37329,Limited service
m49,Europe,rural,Drinking water,2019,0.47019,889915.7231,Limited service
m49,Europe,urban,Drinking water,2019,0.63936,3567063.70642,Limited service
m49,Europe,total,Drinking water,2019,93.49654,698590085.54418,Safely managed service
m49,Europe,rural,Drinking water,2019,88.10531,166756257.04362,Safely managed service
m49,Europe,urban,Drinking water,2019,95.32549,531833837.09942,Safely managed service
m49,Europe,total,Drinking water,2019,0.0472,352675.51364,Surface water
m49,Europe,rural,Drinking water,2019,0.00144,2730.0774,Surface water
m49,Europe,urban,Drinking water,2019,0.06272,349945.44135,Surface water
m49,Europe,total,Drinking water,2019,0.5854,4373982.82341,Unimproved
m49,Europe,rural,Drinking water,2019,1.73068,3275646.31029,Unimproved
m49,Europe,urban,Drinking water,2019,0.19686,1098330.71362,Unimproved
m49,Latin America and the Caribbean,rural,Sanitation,2000,47.92014,61262508.93001,At least basic
m49,Latin America and the Caribbean,total,Sanitation,2000,58.95611,307632974.2444,Basic service
m49,Latin America and the Caribbean,urban,Sanitation,2000,63.26842,249250400.33695,Basic service
m49,Latin America and the Caribbean,total,Sanitation,2000,5.21984,27237142.49943,Limited service
m49,Latin America and the Caribbean,rural,Sanitation,2000,3.51143,4489115.63084,Limited service
m49,Latin America and the Caribbean,urban,Sanitation,2000,5.77472,22749923.59787,Limited service
m49,Latin America and the Caribbean,total,Sanitation,2000,9.63043,50251588.7927,Open defecation
m49,Latin America and the Caribbean,rural,Sanitation,2000,29.39199,37575582.0701,Open defecation
m49,Latin America and the Caribbean,urban,Sanitation,2000,3.2185,12679507.19423,Open defecation
m49,Latin America and the Caribbean,total,Sanitation,2000,15.1794,79206103.51527,Safely managed service
m49,Latin America and the Caribbean,urban,Sanitation,2000,19.38108,76353106.16403,Safely managed service
m49,Latin America and the Caribbean,total,Sanitation,2000,11.01421,57472153.94872,Unimproved
m49,Latin America and the Caribbean,rural,Sanitation,2000,19.17644,24515730.19763,Unimproved
m49,Latin America and the Caribbean,urban,Sanitation,2000,8.35728,32924083.70068,Unimproved
m49,Latin America and the Caribbean,total,Drinking water,2000,18.81049,98153109.98632,Basic service
m49,Latin America and the Caribbean,rural,Drinking water,2000,30.64907,39182675.35697,Basic service
m49,Latin America and the Caribbean,urban,Drinking water,2000,14.97048,58977270.61898,Basic service
m49,Latin America and the Caribbean,total,Drinking water,2000,0.87805,4581650.98849,Limited service
m49,Latin America and the Caribbean,rural,Drinking water,2000,2.50263,3199433.32551,Limited service
m49,Latin America and the Caribbean,urban,Drinking water,2000,0.35094,1382536.80791,Limited service
m49,Latin America and the Caribbean,total,Drinking water,2000,71.73844,374331171.30322,Safely managed service
m49,Latin America and the Caribbean,rural,Drinking water,2000,40.79866,52158206.00727,Safely managed service
m49,Latin America and the Caribbean,urban,Drinking water,2000,81.78533,322199032.4761,Safely managed service
m49,Latin America and the Caribbean,total,Drinking water,2000,2.64562,13804849.86039,Surface water
m49,Latin America and the Caribbean,rural,Drinking water,2000,9.46331,12098174.63185,Surface water
m49,Latin America and the Caribbean,urban,Drinking water,2000,0.43346,1707636.9244,Surface water
m49,Latin America and the Caribbean,total,Drinking water,2000,5.9274,30929180.86158,Unimproved
m49,Latin America and the Caribbean,rural,Drinking water,2000,16.58633,21204448.294,Unimproved
m49,Latin America and the Caribbean,urban,Drinking water,2000,2.4598,9690544.16676,Unimproved
m49,Latin America and the Caribbean,rural,Hygiene,2019,59.6946,74139476.45844,Basic service
m49,Latin America and the Caribbean,rural,Hygiene,2019,21.14297,26259134.19885,Limited service
m49,Latin America and the Caribbean,rural,Hygiene,2019,19.16243,23799352.23455,No handwashing facility
m49,Latin America and the Caribbean,rural,Sanitation,2019,71.59207,88915894.4363,At least basic
m49,Latin America and the Caribbean,total,Sanitation,2019,55.58282,360217322.738,Basic service
m49,Latin America and the Caribbean,urban,Sanitation,2019,54.11857,283513742.47934,Basic service
m49,Latin America and the Caribbean,total,Sanitation,2019,4.26966,27670502.39248,Limited service
m49,Latin America and the Caribbean,rural,Sanitation,2019,6.02663,7484952.8216,Limited service
m49,Latin America and the Caribbean,urban,Sanitation,2019,3.85351,20187593.43924,Limited service
m49,Latin America and the Caribbean,total,Sanitation,2019,1.80653,11707639.31374,Open defecation
m49,Latin America and the Caribbean,rural,Sanitation,2019,7.05514,8762338.21087,Open defecation
m49,Latin America and the Caribbean,urban,Sanitation,2019,0.56238,2946165.76409,Open defecation
m49,Latin America and the Caribbean,total,Sanitation,2019,32.80104,212574703.00407,Safely managed service
m49,Latin America and the Caribbean,urban,Sanitation,2019,38.25429,200404696.58841,Safely managed service
m49,Latin America and the Caribbean,total,Sanitation,2019,5.53995,35902930.55171,Unimproved
m49,Latin America and the Caribbean,rural,Sanitation,2019,15.32616,19034774.79118,Unimproved
m49,Latin America and the Caribbean,urban,Sanitation,2019,3.21125,16822940.29285,Unimproved
m49,Latin America and the Caribbean,total,Drinking water,2019,21.73804,140878382.202,Basic service
m49,Latin America and the Caribbean,rural,Drinking water,2019,36.50234,45335161.38117,Basic service
m49,Latin America and the Caribbean,urban,Drinking water,2019,18.23977,95553626.58341,Basic service
m49,Latin America and the Caribbean,total,Drinking water,2019,0.5239,3395265.57716,Limited service
m49,Latin America and the Caribbean,rural,Drinking water,2019,1.85364,2302184.18919,Limited service
m49,Latin America and the Caribbean,urban,Drinking water,2019,0.2087,1093332.14844,Limited service
m49,Latin America and the Caribbean,total,Drinking water,2019,75.34698,488303496.03538,Safely managed service
m49,Latin America and the Caribbean,rural,Drinking water,2019,52.31335,64972118.99643,Safely managed service
m49,Latin America and the Caribbean,urban,Drinking water,2019,80.81457,423367446.75108,Safely managed service
m49,Latin America and the Caribbean,total,Drinking water,2019,0.92864,6018269.29587,Surface water
m49,Latin America and the Caribbean,rural,Drinking water,2019,4.73224,5877341.61254,Surface water
m49,Latin America and the Caribbean,urban,Drinking water,2019,0.02699,141372.13079,Surface water
m49,Latin America and the Caribbean,total,Drinking water,2019,1.46244,9477684.88959,Unimproved
m49,Latin America and the Caribbean,rural,Drinking water,2019,4.59843,5711156.71264,Unimproved
m49,Latin America and the Caribbean,urban,Drinking water,2019,0.70997,3719360.95075,Unimproved
m49,Northern Africa,total,Sanitation,2000,73.97176,126730530.65441,At least basic
m49,Northern Africa,rural,Sanitation,2000,62.74369,55543422.58907,At least basic
m49,Northern Africa,urban,Sanitation,2000,55.77872,46183961.67562,Basic service
m49,Northern Africa,total,Sanitation,2000,6.88099,11788700.94972,Limited service
m49,Northern Africa,rural,Sanitation,2000,6.74572,5971604.5142,Limited service
m49,Northern Africa,urban,Sanitation,2000,7.0256,5817096.25171,Limited service
m49,Northern Africa,total,Sanitation,2000,14.63815,25078494.16923,Open defecation
m49,Northern Africa,rural,Sanitation,2000,24.97706,22110769.56928,Open defecation
m49,Northern Africa,urban,Sanitation,2000,3.58427,2967724.12269,Open defecation
m49,Northern Africa,urban,Sanitation,2000,30.19758,25003150.27269,Safely managed service
m49,Northern Africa,total,Sanitation,2000,4.5091,7725116.04892,Unimproved
m49,Northern Africa,rural,Sanitation,2000,5.53353,4898520.52939,Unimproved
m49,Northern Africa,urban,Sanitation,2000,3.41382,2826596.47738,Unimproved
m49,Northern Africa,rural,Drinking water,2000,70.64627,62539127.68013,At least basic
m49,Northern Africa,total,Drinking water,2000,14.36724,24614362.40189,Basic service
m49,Northern Africa,urban,Drinking water,2000,14.5981,12087008.97111,Basic service
m49,Northern Africa,total,Drinking water,2000,5.46396,9361003.78598,Limited service
m49,Northern Africa,rural,Drinking water,2000,7.07971,6267262.39875,Limited service
m49,Northern Africa,urban,Drinking water,2000,3.73647,3093741.22718,Limited service
m49,Northern Africa,total,Drinking water,2000,66.47325,113883866.49025,Safely managed service
m49,Northern Africa,urban,Drinking water,2000,77.14157,63872087.9746,Safely managed service
m49,Northern Africa,total,Drinking water,2000,1.96,3357927.0151,Surface water
m49,Northern Africa,rural,Drinking water,2000,3.48822,3087921.30129,Surface water
m49,Northern Africa,urban,Drinking water,2000,0.3261,270005.64878,Surface water
m49,Northern Africa,total,Drinking water,2000,11.73555,20105686.30678,Unimproved
m49,Northern Africa,rural,Drinking water,2000,18.7858,16630002.04319,Unimproved
m49,Northern Africa,urban,Drinking water,2000,4.19776,3475684.97832,Unimproved
m49,Northern Africa,total,Hygiene,2019,87.88605,212491569.74308,Basic service
m49,Northern Africa,rural,Hygiene,2019,84.61075,97632023.24154,Basic service
m49,Northern Africa,urban,Hygiene,2019,90.87625,114859545.74163,Basic service
m49,Northern Africa,total,Hygiene,2019,9.42439,22786351.2343,Limited service
m49,Northern Africa,rural,Hygiene,2019,12.74427,14705561.86865,Limited service
m49,Northern Africa,urban,Hygiene,2019,6.39348,8080789.40076,Limited service
m49,Northern Africa,total,Hygiene,2019,2.68956,6502850.66382,No handwashing facility
m49,Northern Africa,rural,Hygiene,2019,2.64498,3052029.8448,No handwashing facility
m49,Northern Africa,urban,Hygiene,2019,2.73027,3450820.79762,No handwashing facility
m49,Northern Africa,rural,Sanitation,2019,73.46938,84776038.4301,At least basic
m49,Northern Africa,total,Sanitation,2019,51.67128,124931216.24332,Basic service
m49,Northern Africa,urban,Sanitation,2019,50.95988,64408781.56864,Basic service
m49,Northern Africa,total,Sanitation,2019,4.66456,11278019.75921,Limited service
m49,Northern Africa,rural,Sanitation,2019,4.50689,5200480.49549,Limited service
m49,Northern Africa,urban,Sanitation,2019,4.80852,6077539.22391,Limited service
m49,Northern Africa,total,Sanitation,2019,4.7232,11419789.76232,Open defecation
m49,Northern Africa,rural,Sanitation,2019,9.63073,11112861.88461,Open defecation
m49,Northern Africa,urban,Sanitation,2019,0.24284,306927.99833,Open defecation
m49,Northern Africa,total,Sanitation,2019,30.94152,74810644.75262,Safely managed service
m49,Northern Africa,urban,Sanitation,2019,40.00046,50557041.94909,Safely managed service
m49,Northern Africa,total,Sanitation,2019,7.99944,19341101.48276,Unimproved
m49,Northern Africa,rural,Sanitation,2019,12.393,14300236.00373,Unimproved
m49,Northern Africa,urban,Sanitation,2019,3.98831,5040865.20016,Unimproved
m49,Northern Africa,rural,Drinking water,2019,84.07582,97014766.03319,At least basic
m49,Northern Africa,total,Drinking water,2019,11.85858,28671766.0411,Basic service
m49,Northern Africa,urban,Drinking water,2019,11.9013,15042184.97501,Basic service
m49,Northern Africa,total,Drinking water,2019,6.63672,16046313.17546,Limited service
m49,Northern Africa,rural,Drinking water,2019,9.23106,10651686.70039,Limited service
m49,Northern Africa,urban,Drinking water,2019,4.2682,5394626.50792,Limited service
m49,Northern Africa,total,Drinking water,2019,78.03916,188683688.78597,Safely managed service
m49,Northern Africa,urban,Drinking water,2019,83.31161,105298504.56414,Safely managed service
m49,Northern Africa,total,Drinking water,2019,1.88242,4551329.80412,Surface water
m49,Northern Africa,rural,Drinking water,2019,3.81249,4399219.82226,Surface water
m49,Northern Africa,urban,Drinking water,2019,0.12035,152110.02917,Surface water
m49,Northern Africa,total,Drinking water,2019,1.58312,3827674.1931,Unimproved
m49,Northern Africa,rural,Drinking water,2019,2.88063,3323944.00007,Unimproved
m49,Northern Africa,urban,Drinking water,2019,0.39855,503729.86389,Unimproved
m49,Northern America,rural,Sanitation,2000,99.93299,65243330.39051,At least basic
m49,Northern America,total,Sanitation,2000,25.07872,78352631.81983,Basic service
m49,Northern America,urban,Sanitation,2000,9.4003,23231863.66156,Basic service
m49,Northern America,total,Sanitation,2000,0.00007,226.25479,Limited service
m49,Northern America,rural,Sanitation,2000,0.00006,41.59629,Limited service
m49,Northern America,urban,Sanitation,2000,0.00007,184.65859,Limited service
m49,Northern America,total,Sanitation,2000,0,0,Open defecation
m49,Northern America,rural,Sanitation,2000,0,0,Open defecation
m49,Northern America,urban,Sanitation,2000,0,0,Open defecation
m49,Northern America,total,Sanitation,2000,74.80168,233700485.5819,Safely managed service
m49,Northern America,urban,Sanitation,2000,90.46621,223577925.18841,Safely managed service
m49,Northern America,total,Sanitation,2000,0.11953,373438.34348,Unimproved
m49,Northern America,rural,Sanitation,2000,0.06695,43708.73483,Unimproved
m49,Northern America,urban,Sanitation,2000,0.13342,329738.39944,Unimproved
m49,Northern America,total,Drinking water,2000,99.35565,310413665.82726,At least basic
m49,Northern America,rural,Drinking water,2000,98.14742,64077580.07112,At least basic
m49,Northern America,urban,Drinking water,2000,3.28099,8108638.22517,Basic service
m49,Northern America,total,Drinking water,2000,0,0,Limited service
m49,Northern America,rural,Drinking water,2000,0,0,Limited service
m49,Northern America,urban,Drinking water,2000,0,0,Limited service
m49,Northern America,urban,Drinking water,2000,96.39384,238227452.00541,Safely managed service
m49,Northern America,total,Drinking water,2000,0,0,Surface water
m49,Northern America,rural,Drinking water,2000,0,0,Surface water
m49,Northern America,urban,Drinking water,2000,0,0,Surface water
m49,Northern America,total,Drinking water,2000,0.64435,2013109.31716,Unimproved
m49,Northern America,rural,Drinking water,2000,1.85258,1209496.42794,Unimproved
m49,Northern America,urban,Drinking water,2000,0.32517,803621.67742,Unimproved
m49,Northern America,rural,Sanitation,2019,99.01496,64020066.52082,At least basic
m49,Northern America,total,Sanitation,2019,18.96411,69522593.93972,Basic service
m49,Northern America,urban,Sanitation,2019,7.17595,21667335.79618,Basic service
m49,Northern America,total,Sanitation,2019,0.00006,228.21164,Limited service
m49,Northern America,rural,Sanitation,2019,0.00005,29.52276,Limited service
m49,Northern America,urban,Sanitation,2019,0.00007,198.68878,Limited service
m49,Northern America,total,Sanitation,2019,0,0,Open defecation
m49,Northern America,rural,Sanitation,2019,0,0,Open defecation
m49,Northern America,urban,Sanitation,2019,0,0,Open defecation
m49,Northern America,total,Sanitation,2019,80.66422,295715764.39683,Safely managed service
m49,Northern America,urban,Sanitation,2019,92.58373,279550954.97032,Safely managed service
m49,Northern America,total,Sanitation,2019,0.37161,1362338.45181,Unimproved
m49,Northern America,rural,Sanitation,2019,0.98499,636864.46956,Unimproved
m49,Northern America,urban,Sanitation,2019,0.24026,725457.38352,Unimproved
m49,Northern America,rural,Drinking water,2019,99.26786,64183583.44268,At least basic
m49,Northern America,total,Drinking water,2019,2.65193,9722006.97145,Basic service
m49,Northern America,urban,Drinking water,2019,2.53398,7651201.2417,Basic service
m49,Northern America,total,Drinking water,2019,0,0,Limited service
m49,Northern America,rural,Drinking water,2019,0,0,Limited service
m49,Northern America,urban,Drinking water,2019,0,0,Limited service
m49,Northern America,total,Drinking water,2019,97.08824,355926381.60416,Safely managed service
m49,Northern America,urban,Drinking water,2019,97.30733,293813606.10383,Safely managed service
m49,Northern America,total,Drinking water,2019,0,0,Surface water
m49,Northern America,rural,Drinking water,2019,0,0,Surface water
m49,Northern America,urban,Drinking water,2019,0,0,Surface water
m49,Northern America,total,Drinking water,2019,0.25983,952536.42439,Unimproved
m49,Northern America,rural,Drinking water,2019,0.73214,473380.33137,Unimproved
m49,Northern America,urban,Drinking water,2019,0.15868,479139.49297,Unimproved
m49,Oceania,total,Sanitation,2000,37.27065,11712334.45426,Basic service
m49,Oceania,rural,Sanitation,2000,28.3214,2868583.54665,Basic service
m49,Oceania,urban,Sanitation,2000,41.52696,8843750.99478,Basic service
m49,Oceania,total,Sanitation,2000,1.06077,333349.16029,Limited service
m49,Oceania,rural,Sanitation,2000,1.68502,170670.20555,Limited service
m49,Oceania,urban,Sanitation,2000,0.76388,162678.9582,Limited service
m49,Oceania,total,Sanitation,2000,3.47365,1091597.07567,Open defecation
m49,Oceania,rural,Sanitation,2000,10.26173,1039378.24844,Open defecation
m49,Oceania,urban,Sanitation,2000,0.2452,52218.84383,Open defecation
m49,Oceania,total,Sanitation,2000,44.97992,14134978.16501,Safely managed service
m49,Oceania,rural,Sanitation,2000,21.54327,2182048.92864,Safely managed service
m49,Oceania,urban,Sanitation,2000,56.12651,11952929.32752,Safely managed service
m49,Oceania,total,Sanitation,2000,13.21501,4152828.14479,Unimproved
m49,Oceania,rural,Sanitation,2000,38.18858,3867999.19233,Unimproved
m49,Oceania,urban,Sanitation,2000,1.33745,284829.49671,Unimproved
m49,Oceania,total,Drinking water,2000,86.50964,27185728.35291,At least basic
m49,Oceania,rural,Drinking water,2000,60.06611,6083904.01208,At least basic
m49,Oceania,urban,Drinking water,2000,9.05845,1929124.21752,Basic service
m49,Oceania,total,Drinking water,2000,0.37092,116562.14136,Limited service
m49,Oceania,rural,Drinking water,2000,0.77662,78661.8441,Limited service
m49,Oceania,urban,Drinking water,2000,0.17797,37900.29868,Limited service
m49,Oceania,urban,Drinking water,2000,90.02786,19172700.65828,Safely managed service
m49,Oceania,total,Drinking water,2000,8.83282,2775719.96083,Surface water
m49,Oceania,rural,Drinking water,2000,27.16086,2751036.38437,Surface water
m49,Oceania,urban,Drinking water,2000,0.11591,24683.61987,Surface water
m49,Oceania,total,Drinking water,2000,4.28663,1347076.27662,Unimproved
m49,Oceania,rural,Drinking water,2000,11.99641,1215077.95173,Unimproved
m49,Oceania,urban,Drinking water,2000,0.61982,131998.82668,Unimproved
m49,Oceania,rural,Hygiene,2019,27.21393,3673186.23678,Basic service
m49,Oceania,rural,Hygiene,2019,30.49609,4116193.77989,Limited service
m49,Oceania,rural,Hygiene,2019,42.28998,5708066.96983,No handwashing facility
m49,Oceania,total,Sanitation,2019,26.43551,11136764.71455,Basic service
m49,Oceania,rural,Sanitation,2019,23.30803,3145988.93937,Basic service
m49,Oceania,urban,Sanitation,2019,27.90991,7990775.83501,Basic service
m49,Oceania,total,Sanitation,2019,1.34041,564686.76638,Limited service
m49,Oceania,rural,Sanitation,2019,2.40656,324824.74948,Limited service
m49,Oceania,urban,Sanitation,2019,0.83778,239862.02409,Limited service
m49,Oceania,total,Sanitation,2019,4.26316,1795985.93844,Open defecation
m49,Oceania,rural,Sanitation,2019,12.70471,1714812.05709,Open defecation
m49,Oceania,urban,Sanitation,2019,0.28352,81173.92131,Open defecation
m49,Oceania,total,Sanitation,2019,54.75709,23068094.92701,Safely managed service
m49,Oceania,rural,Sanitation,2019,23.82331,3215538.62162,Safely managed service
m49,Oceania,urban,Sanitation,2019,69.34034,19852556.34655,Safely managed service
m49,Oceania,total,Sanitation,2019,13.20383,5562515.65357,Unimproved
m49,Oceania,rural,Sanitation,2019,37.75738,5096282.61895,Unimproved
m49,Oceania,urban,Sanitation,2019,1.62844,466232.55401,Unimproved
m49,Oceania,total,Drinking water,2019,87.54186,36879677.84895,At least basic
m49,Oceania,rural,Drinking water,2019,62.6999,8462885.46157,At least basic
m49,Oceania,urban,Drinking water,2019,5.046,1444699.74154,Basic service
m49,Oceania,total,Drinking water,2019,0.59411,250285.09032,Limited service
m49,Oceania,rural,Drinking water,2019,1.67045,225468.2174,Limited service
m49,Oceania,urban,Drinking water,2019,0.08668,24816.87815,Limited service
m49,Oceania,urban,Drinking water,2019,94.20722,26972093.05885,Safely managed service
m49,Oceania,total,Drinking water,2019,6.73581,2837664.62973,Surface water
m49,Oceania,rural,Drinking water,2019,20.46852,2762727.70284,Surface water
m49,Oceania,urban,Drinking water,2019,0.26174,74936.99132,Surface water
m49,Oceania,total,Drinking water,2019,5.12822,2160419.98723,Unimproved
m49,Oceania,rural,Drinking water,2019,15.16113,2046365.42482,Unimproved
m49,Oceania,urban,Drinking water,2019,0.39836,114054.01114,Unimproved
m49,Sub-Saharan Africa,total,Sanitation,2000,8.41442,53302124.53408,Basic service
m49,Sub-Saharan Africa,rural,Sanitation,2000,2.78888,12088387.63532,Basic service
m49,Sub-Saharan Africa,urban,Sanitation,2000,20.60558,41213736.76767,Basic service
m49,Sub-Saharan Africa,total,Sanitation,2000,15.17019,96097389.48662,Limited service
m49,Sub-Saharan Africa,rural,Sanitation,2000,8.47346,36728178.37846,Limited service
m49,Sub-Saharan Africa,urban,Sanitation,2000,29.68274,59369210.76524,Limited service
m49,Sub-Saharan Africa,total,Sanitation,2000,32.29815,204596499.6787,Open defecation
m49,Sub-Saharan Africa,rural,Sanitation,2000,42.81085,185563378.61149,Open defecation
m49,Sub-Saharan Africa,urban,Sanitation,2000,9.51596,19033119.57364,Open defecation
m49,Sub-Saharan Africa,total,Sanitation,2000,14.29702,90566171.56527,Safely managed service
m49,Sub-Saharan Africa,rural,Sanitation,2000,13.53512,58667897.38593,Safely managed service
m49,Sub-Saharan Africa,urban,Sanitation,2000,15.94814,31898273.68543,Safely managed service
m49,Sub-Saharan Africa,total,Sanitation,2000,29.82023,188899802.73534,Unimproved
m49,Sub-Saharan Africa,rural,Sanitation,2000,32.39169,140401606.66836,Unimproved
m49,Sub-Saharan Africa,urban,Sanitation,2000,24.24758,48498196.82302,Unimproved
m49,Sub-Saharan Africa,total,Drinking water,2000,27.76704,175893652.29082,Basic service
m49,Sub-Saharan Africa,rural,Drinking water,2000,23.79322,103131563.04947,Basic service
m49,Sub-Saharan Africa,urban,Drinking water,2000,36.37876,72762088.35833,Basic service
m49,Sub-Saharan Africa,total,Drinking water,2000,9.0031,57031246.26709,Limited service
m49,Sub-Saharan Africa,rural,Drinking water,2000,8.84228,38326822.3331,Limited service
m49,Sub-Saharan Africa,urban,Drinking water,2000,9.35163,18704423.61301,Limited service
m49,Sub-Saharan Africa,total,Drinking water,2000,17.05964,108066342.7042,Safely managed service
m49,Sub-Saharan Africa,rural,Drinking water,2000,6.23538,27027220.30506,Safely managed service
m49,Sub-Saharan Africa,urban,Drinking water,2000,40.51702,81039122.11512,Safely managed service
m49,Sub-Saharan Africa,total,Drinking water,2000,18.71044,118523531.71284,Surface water
m49,Sub-Saharan Africa,rural,Drinking water,2000,25.67927,111306654.53393,Surface water
m49,Sub-Saharan Africa,urban,Drinking water,2000,3.60821,7216876.28632,Surface water
m49,Sub-Saharan Africa,total,Drinking water,2000,27.45977,173947215.02631,Unimproved
m49,Sub-Saharan Africa,rural,Drinking water,2000,35.44985,153657188.45845,Unimproved
m49,Sub-Saharan Africa,urban,Drinking water,2000,10.14438,20290027.24222,Unimproved
m49,Sub-Saharan Africa,total,Hygiene,2019,26.00796,277318578.35346,Basic service
m49,Sub-Saharan Africa,rural,Hygiene,2019,17.80654,111966989.63141,Basic service
m49,Sub-Saharan Africa,urban,Hygiene,2019,37.79582,165351589.85864,Basic service
m49,Sub-Saharan Africa,total,Hygiene,2019,40.40317,430812327.61446,Limited service
m49,Sub-Saharan Africa,rural,Hygiene,2019,43.68655,274699682.25,Limited service
m49,Sub-Saharan Africa,urban,Hygiene,2019,35.68399,156112643.5725,Limited service
m49,Sub-Saharan Africa,total,Hygiene,2019,33.58887,358152511.63399,No handwashing facility
m49,Sub-Saharan Africa,rural,Hygiene,2019,38.50691,242130248.39739,No handwashing facility
m49,Sub-Saharan Africa,urban,Hygiene,2019,26.52019,116022261.26197,No handwashing facility
m49,Sub-Saharan Africa,total,Sanitation,2019,11.45413,122133470.27372,Basic service
m49,Sub-Saharan Africa,rural,Sanitation,2019,3.55188,22334094.25013,Basic service
m49,Sub-Saharan Africa,urban,Sanitation,2019,22.81199,99799377.47605,Basic service
m49,Sub-Saharan Africa,total,Sanitation,2019,18.41662,196373400.17005,Limited service
m49,Sub-Saharan Africa,rural,Sanitation,2019,9.14892,57528122.24008,Limited service
m49,Sub-Saharan Africa,urban,Sanitation,2019,31.73704,138845279.50274,Limited service
m49,Sub-Saharan Africa,total,Sanitation,2019,18.64787,198839164.01407,Open defecation
m49,Sub-Saharan Africa,rural,Sanitation,2019,27.80299,174824335.06625,Open defecation
m49,Sub-Saharan Africa,urban,Sanitation,2019,5.48927,24014826.42538,Open defecation
m49,Sub-Saharan Africa,total,Sanitation,2019,20.81669,221964889.09326,Safely managed service
m49,Sub-Saharan Africa,rural,Sanitation,2019,19.16001,120477523.90938,Safely managed service
m49,Sub-Saharan Africa,urban,Sanitation,2019,23.19783,101487365.004,Safely managed service
m49,Sub-Saharan Africa,total,Sanitation,2019,30.66469,326972490.44891,Unimproved
m49,Sub-Saharan Africa,rural,Sanitation,2019,40.33621,253632844.81296,Unimproved
m49,Sub-Saharan Africa,urban,Sanitation,2019,16.76387,73339646.28449,Unimproved
m49,Sub-Saharan Africa,total,Drinking water,2019,34.16173,364260860.25904,Basic service
m49,Sub-Saharan Africa,rural,Drinking water,2019,35.09287,220662913.6085,Basic service
m49,Sub-Saharan Africa,urban,Drinking water,2019,32.8234,143597945.54518,Basic service
m49,Sub-Saharan Africa,total,Drinking water,2019,12.7472,135921321.85786,Limited service
m49,Sub-Saharan Africa,rural,Drinking water,2019,16.61481,104473422.84669,Limited service
m49,Sub-Saharan Africa,urban,Drinking water,2019,7.18831,31447897.81704,Limited service
m49,Sub-Saharan Africa,total,Drinking water,2019,29.6203,315836337.31859,Safely managed service
m49,Sub-Saharan Africa,rural,Drinking water,2019,13.00512,81775764.90263,Safely managed service
m49,Sub-Saharan Africa,urban,Drinking water,2019,53.50121,234060575.32549,Safely managed service
m49,Sub-Saharan Africa,total,Drinking water,2019,7.35421,78416728.20284,Surface water
m49,Sub-Saharan Africa,rural,Drinking water,2019,11.59261,72893972.88107,Surface water
m49,Sub-Saharan Africa,urban,Drinking water,2019,1.26238,5522754.18739,Surface water
m49,Sub-Saharan Africa,total,Drinking water,2019,16.11656,171848166.36167,Unimproved
m49,Sub-Saharan Africa,rural,Drinking water,2019,23.69459,148990846.03928,Unimproved
m49,Sub-Saharan Africa,urban,Drinking water,2019,5.22469,22857321.818,Unimproved
